{
    "Mean":{
        "MSI":0.8,
        "GER":0.000149925,
        "ME":0.092368691,
        "ESS":0.0,
        "CCR":0.0022488756
    },
    "Std Dev":{
        "MSI":0.1054092553,
        "GER":0.0003352426,
        "ME":0.0282023808,
        "ESS":0.0,
        "CCR":0.0011852615
    },
    "Min":{
        "MSI":0.6666666667,
        "GER":0.0,
        "ME":0.067303047,
        "ESS":0.0,
        "CCR":0.0007496252
    },
    "Max":{
        "MSI":0.9333333333,
        "GER":0.0007496252,
        "ME":0.1266223488,
        "ESS":0.0,
        "CCR":0.0037481259
    }
}